duration,age,gender,sex.o,blood,blood.no,condition,immoral,selfish,insincere,impure,bad,mean,moral,altruistic,sincere,pure,good,nice,attr,classy,beauty,elegant,sexy,warm,sociable,happy,agreeable,enthusiastic,easy.going,playful,funny,courageous,fair,principled,responsible,just,honest,trustworthy,loyal,skillful,competent,talented,effective,capable,intelligent,long.att,short.att,show.off,impress,complimented,attention,special,fit,healthy,disease,attention.check
305,28,Male,Heterosexual,Yes,8,bandage,2,2,2,2,2,2,5,4,5,4,5,5,3,3,4,4,3,3,4,3,4,3,3,4,4,4,5,4,3,4,4,4,4,3,3,3,3,3,4,3,3,4,3,4,4,3,6,5,5,pass
405,27,Male,Heterosexual,Yes,0,bandage,5,5,5,5,4,5,4,3,3,3,4,3,4,3,4,2,2,2,2,3,4,5,5,5,3,2,4,6,3,3,4,4,4,5,5,3,3,5,4,2,2,6,6,5,6,6,5,4,5,pass
389,37,Male,Heterosexual,Yes,0,bandage,2,4,5,2,2,3,6,6,2,5,5,5,4,3,5,2,2,3,6,5,2,5,2,5,3,6,5,6,4,6,5,6,5,6,3,5,5,6,3,5,2,5,3,3,6,5,6,3,6,pass
249,25,Male,Heterosexual,No,NA,bandage,3,2,4,1,1,2,5,4,6,4,6,5,4,5,4,2,4,3,4,4,5,3,5,4,3,4,5,5,5,4,4,5,5,4,5,4,4,5,5,5,4,2,4,5,2,3,5,2,6,pass
190,23,Male,Heterosexual,No,NA,bandage,3,3,2,2,2,3,4,4,5,5,4,4,4,3,4,3,4,6,6,6,5,6,6,3,4,6,7,6,5,6,5,5,5,6,6,6,6,6,5,3,2,6,6,6,5,5,7,7,6,pass
225,27,Male,Homosexual,Yes,0,bandage,5,6,5,4,4,5,4,3,3,2,3,4,3,3,4,2,3,3,5,4,3,4,6,5,5,3,4,3,3,4,4,2,3,4,3,4,3,3,3,1,2,6,4,5,3,4,6,5,5,pass
193,19,Male,Heterosexual,No,NA,bandage,4,5,5,4,4,5,2,1,1,1,2,1,1,1,2,1,1,1,2,1,1,2,1,1,2,1,1,2,1,1,2,1,1,1,3,2,2,1,1,1,1,4,5,5,5,3,4,4,4,pass
320,44,Male,Heterosexual,No,NA,bandage,4,5,4,4,4,4,4,3,4,4,4,3,7,6,7,6,6,4,4,3,4,4,3,3,4,5,5,5,5,4,4,5,4,6,6,5,4,6,6,5,5,4,6,6,5,5,7,7,6,pass
240,23,Male,Heterosexual,No,NA,bandage,3,5,3,4,3,4,5,5,5,3,5,5,5,4,4,3,4,5,6,6,6,5,6,4,4,6,4,5,5,3,5,4,4,5,5,5,5,5,6,4,4,3,2,5,2,2,5,6,6,pass
116,31,Male,Heterosexual,Yes,0,bandage,4,4,4,4,4,5,4,4,4,4,4,4,3,3,3,3,3,4,4,4,4,4,4,4,4,4,4,5,4,4,4,5,4,4,5,4,4,4,4,4,4,4,4,4,4,4,5,5,5,pass
135,25,Male,Heterosexual,No,NA,bandage,3,3,3,3,3,3,5,5,5,5,5,5,5,3,3,4,4,3,3,3,4,3,3,3,4,5,5,5,5,5,5,5,3,3,5,3,5,5,4,4,2,4,4,4,4,4,5,5,3,pass
1558,28,Male,Heterosexual,Yes,1,bandage,1,2,2,2,2,2,5,4,3,5,6,5,6,6,5,5,3,6,5,3,6,3,6,2,6,5,5,6,6,6,6,6,4,6,5,4,5,6,4,6,4,2,3,6,2,2,6,6,7,pass
305,25,Male,Heterosexual,No,NA,bandage,4,5,5,3,4,4,4,3,4,3,4,5,5,5,5,3,5,2,5,3,4,3,5,2,3,6,5,5,6,5,5,5,5,6,6,6,6,6,5,3,4,5,6,5,5,5,6,6,6,pass
322,59,Male,Heterosexual,No,NA,bandage,3,3,3,2,3,4,6,6,5,5,6,6,5,4,5,4,5,5,5,5,5,4,5,4,4,5,6,5,5,6,6,5,5,5,5,4,5,5,6,5,4,3,4,5,4,4,6,6,4,pass
340,37,Male,Heterosexual,Yes,7,bandage,4,4,4,4,4,4,4,4,4,4,4,4,6,4,4,5,4,4,6,5,4,4,5,4,4,4,4,4,4,4,4,4,4,4,4,4,4,4,4,4,5,4,4,4,4,4,6,5,6,pass
320,31,Male,Heterosexual,Yes,0,bandage,2,3,3,2,2,3,6,6,6,6,6,6,5,6,5,4,5,6,6,6,6,6,6,6,6,6,6,6,5,6,7,5,5,6,6,6,6,6,6,4,5,4,5,6,5,6,5,5,3,pass
472,23,Male,Heterosexual,No,NA,bandage,5,5,4,5,3,3,3,3,3,3,4,5,4,4,4,2,2,2,5,2,6,1,6,4,3,2,4,2,4,4,3,3,3,5,5,5,5,6,6,3,2,3,5,6,1,2,5,4,6,pass
306,21,Male,Heterosexual,No,NA,bandage,1,1,1,1,1,1,6,7,6,6,6,6,6,3,5,2,4,6,7,6,6,7,6,6,6,6,7,7,7,6,7,7,7,6,6,6,6,6,6,6,3,2,5,5,4,4,6,6,6,pass
221,35,Male,Heterosexual,No,NA,bandage,3,3,5,5,3,5,4,5,4,4,3,3,2,3,4,3,2,3,4,2,3,5,3,4,3,5,4,4,3,4,4,2,3,2,3,2,2,2,3,2,2,5,6,5,6,5,6,5,5,pass
206,21,Male,Heterosexual,No,NA,bandage,5,5,5,4,5,6,4,4,2,2,4,3,5,6,5,1,2,3,3,3,3,3,3,4,1,4,4,5,7,4,4,4,4,5,5,5,4,5,3,4,1,3,4,4,1,5,6,5,6,pass
697,35,Male,Heterosexual,No,NA,bandage,3,5,4,4,1,5,6,3,5,4,6,4,6,3,5,4,4,2,5,4,5,4,2,2,2,5,4,5,6,6,5,5,5,5,5,5,5,6,4,2,4,5,5,6,3,5,7,7,6,pass
309,73,Male,Heterosexual,Yes,0,bandage,4,4,4,4,4,4,4,4,4,4,4,4,5,4,3,4,4,4,6,5,5,4,5,5,4,4,4,4,4,4,4,4,4,4,4,4,4,4,5,4,5,4,4,7,4,4,6,6,5,pass
246,32,Male,Heterosexual,Yes,0,bandage,4,4,4,4,4,4,4,4,4,4,4,4,5,2,4,3,2,4,5,4,4,4,4,5,4,5,4,4,4,4,4,4,4,4,4,4,4,4,4,4,4,5,4,4,4,4,7,6,4,pass
255,22,Male,Heterosexual,No,NA,bandage,5,5,5,3,2,4,3,4,5,4,5,5,3,4,4,2,3,2,4,3,4,4,5,6,3,5,4,3,2,4,4,4,4,4,5,4,4,3,4,5,4,4,6,3,3,4,6,5,4,pass
330,32,Male,Heterosexual,No,NA,bandage,4,5,4,4,4,4,4,4,4,4,4,4,5,4,5,3,5,4,5,4,4,4,5,5,4,5,4,4,3,4,4,4,4,3,3,4,3,3,4,5,5,4,5,4,4,4,6,6,4,pass
590,33,Male,Heterosexual,No,NA,bandage,2,3,3,3,2,2,5,5,6,4,6,5,4,5,4,3,2,5,5,5,5,6,5,3,5,6,5,6,6,5,6,6,6,6,6,5,5,5,5,1,1,4,5,3,2,2,6,5,6,pass
266,32,Male,Heterosexual,No,NA,bandage,2,2,2,2,2,3,5,5,5,4,6,5,6,5,6,3,5,5,6,6,4,6,4,5,4,6,5,5,5,5,5,5,6,6,6,6,6,6,5,5,3,5,6,6,5,4,7,6,7,pass
464,21,Male,Heterosexual,Yes,0,bandage,5,4,4,5,4,5,3,3,2,2,3,3,5,5,4,5,2,2,3,3,3,3,3,4,6,5,4,5,5,3,3,4,4,4,6,5,5,6,6,1,1,6,5,5,6,5,6,6,7,pass
231,50,Male,Heterosexual,Yes,6,bandage,2,3,3,4,3,2,6,5,6,6,6,5,4,4,4,3,3,4,3,3,5,3,6,5,3,5,6,6,6,6,6,6,6,4,5,5,5,5,6,4,4,2,3,4,3,4,6,6,5,pass
179,29,Male,Heterosexual,No,NA,bandage,3,3,3,3,3,3,5,5,4,4,4,4,4,2,4,1,3,4,5,5,4,7,4,7,4,5,6,5,2,5,4,4,5,4,4,4,4,5,4,5,4,3,5,4,3,3,5,4,4,pass
386,22,Male,Heterosexual,No,NA,bandage,2,2,2,2,2,2,6,4,6,7,6,6,4,4,3,3,1,6,6,3,6,3,6,4,4,4,4,6,6,6,6,6,6,5,5,5,5,5,5,4,4,1,1,4,1,4,6,6,4,pass
668,29,Male,Heterosexual,No,NA,bandage,3,3,2,1,1,1,6,4,5,5,6,6,4,3,3,3,3,5,3,2,4,5,5,6,5,5,5,5,3,5,5,5,5,5,4,6,4,3,5,5,5,5,5,4,5,4,6,2,3,pass
212,20,Male,Heterosexual,No,NA,bandage,3,3,2,2,2,3,5,4,5,5,6,6,6,3,6,3,5,6,5,5,6,6,7,5,5,5,6,5,6,5,6,6,6,5,6,6,6,6,5,5,6,5,6,5,6,5,7,6,6,pass
215,51,Male,Heterosexual,Yes,0,bandage,4,4,4,4,4,4,4,4,4,4,4,4,5,4,5,3,5,4,4,4,4,4,4,4,4,4,4,4,4,4,4,4,4,4,4,4,4,4,4,3,4,4,4,4,4,4,6,6,6,pass
191,23,Male,Heterosexual,No,NA,bandage,4,4,4,4,4,4,4,5,5,4,5,5,3,5,5,3,4,5,5,5,5,5,5,4,4,5,5,5,5,5,5,4,4,4,4,4,4,5,5,5,5,4,3,4,5,4,5,5,5,pass
206,27,Male,Heterosexual,No,NA,bandage,3,3,5,3,3,3,5,5,5,4,5,4,4,4,4,2,4,3,4,3,6,5,4,2,2,5,6,6,5,6,6,5,6,5,5,4,7,5,6,2,2,2,3,3,3,3,6,3,6,pass
1346,26,Male,Heterosexual,No,NA,bandage,4,5,3,3,3,2,5,4,4,4,4,6,6,4,6,3,6,3,3,3,5,3,5,4,3,6,5,6,2,5,4,4,5,6,7,6,6,6,5,3,5,6,6,6,5,4,7,7,7,pass
229,44,Male,Heterosexual,No,NA,bandage,2,2,3,3,2,2,5,6,5,5,6,6,5,5,5,3,4,5,6,5,6,5,6,6,5,6,5,6,6,5,6,6,6,6,7,6,6,7,6,1,1,5,5,6,5,4,6,6,6,pass
269,24,Male,Heterosexual,Yes,4,blood,1,3,2,2,2,3,7,5,5,6,6,5,6,4,5,3,5,2,3,6,3,6,3,2,2,6,6,7,6,6,6,6,6,6,6,6,6,6,5,5,2,5,6,5,5,5,7,7,7,pass
303,22,Male,Heterosexual,Yes,1,blood,4,4,3,4,4,4,4,4,5,4,5,5,4,5,4,2,4,5,5,5,6,4,5,4,5,4,5,5,6,4,6,6,5,5,6,5,5,5,6,1,1,3,4,5,3,4,6,6,6,pass
354,36,Male,Heterosexual,No,NA,blood,2,2,2,4,1,4,6,4,7,4,6,6,6,5,5,4,7,3,3,2,3,3,4,5,4,6,6,7,7,4,7,6,7,6,7,7,6,6,6,1,1,5,6,4,5,3,3,7,6,pass
186,35,Male,Heterosexual,No,NA,blood,4,4,4,4,4,4,4,4,4,4,4,4,3,3,3,3,4,4,4,4,4,4,4,4,4,4,4,4,4,4,4,4,4,4,4,4,4,4,4,4,4,4,4,4,4,4,5,3,4,pass
396,51,Male,Heterosexual,Yes,2,blood,4,4,3,4,3,2,6,5,5,5,5,6,5,5,5,4,5,5,5,5,5,6,3,3,3,5,5,5,6,5,5,6,6,5,5,6,5,5,5,5,2,3,3,3,3,2,6,6,4,pass
413,51,Male,Heterosexual,No,NA,blood,4,4,4,4,4,4,4,4,4,4,4,4,4,3,6,4,4,6,5,5,5,5,4,4,4,4,4,2,2,4,4,2,3,2,4,4,2,2,7,4,3,6,4,4,4,4,1,2,2,pass
121,30,Male,Heterosexual,Yes,0,blood,6,6,7,6,6,7,4,3,2,2,4,2,4,3,4,3,4,3,4,2,3,3,3,6,5,6,4,3,3,4,3,3,2,5,5,4,5,5,4,1,1,7,7,6,7,7,6,6,4,pass
231,19,Male,Heterosexual,Yes,2,blood,4,4,4,4,4,4,4,5,5,4,5,5,5,4,5,4,5,5,4,4,3,5,5,5,4,6,5,5,6,4,4,4,4,6,6,5,4,7,6,7,1,5,5,5,3,3,7,6,4,pass
1119,28,Male,Heterosexual,No,NA,blood,1,1,2,2,2,2,7,7,6,6,6,6,6,4,5,5,6,6,6,5,5,5,6,5,5,7,6,7,7,6,6,6,6,6,7,6,7,6,6,1,5,6,5,6,5,2,7,7,7,pass
273,26,Male,Heterosexual,No,NA,blood,3,2,2,3,3,4,6,3,5,4,5,5,6,4,5,4,4,4,4,4,5,5,5,5,4,4,5,5,5,5,6,6,6,5,6,4,6,5,4,5,4,4,6,6,3,5,6,5,6,pass
484,65,Male,Heterosexual,Yes,0,blood,4,4,3,4,3,3,5,4,4,4,5,4,4,4,5,3,4,4,5,4,5,4,5,3,3,3,4,6,5,4,5,5,5,4,5,4,4,4,5,1,1,5,5,5,4,5,5,6,5,pass
288,27,Male,Heterosexual,No,NA,blood,2,2,2,2,2,2,5,3,6,3,5,5,5,4,4,4,4,3,5,3,5,6,6,3,2,5,5,5,3,5,6,6,5,5,5,5,5,5,3,1,1,3,3,5,2,2,7,7,6,pass
345,18,Male,Heterosexual,Yes,1,blood,3,6,5,4,4,5,4,4,5,4,4,3,4,5,4,2,3,2,3,4,3,2,3,2,3,5,5,5,6,4,3,4,4,5,5,4,5,5,5,2,2,4,5,5,2,5,6,5,6,pass
323,40,Male,Heterosexual,Yes,0,blood,5,5,5,5,5,5,5,6,5,5,4,4,5,4,4,4,4,3,4,2,4,4,4,4,3,5,4,6,4,4,4,4,6,5,6,5,6,6,4,4,2,5,5,3,4,4,6,6,6,pass
375,28,Male,Heterosexual,Yes,0,blood,2,3,4,2,2,3,4,2,4,2,4,5,5,4,3,2,2,5,6,2,3,5,5,3,2,5,5,5,6,5,5,5,5,6,6,6,6,6,6,5,2,6,6,5,6,5,7,7,7,pass
633,20,Male,Heterosexual,No,NA,blood,3,3,3,3,4,5,5,2,4,5,4,2,4,6,4,5,5,2,5,4,5,3,5,3,5,6,5,6,7,6,6,6,6,6,6,6,6,7,7,5,6,3,5,3,1,3,7,7,6,pass
322,21,Male,Heterosexual,No,NA,blood,4,4,4,5,5,6,6,4,5,2,5,5,5,2,6,3,5,5,7,4,6,5,5,2,3,4,5,5,3,5,4,4,6,4,5,6,5,5,3,3,5,7,7,7,7,7,7,7,6,pass
453,22,Male,Heterosexual,No,NA,blood,3,2,3,3,2,4,5,4,6,5,6,6,4,3,5,2,3,2,5,4,4,3,5,2,3,6,4,3,5,6,5,2,4,4,6,5,3,4,5,5,3,2,2,5,2,3,6,6,5,pass
244,18,Male,Heterosexual,No,NA,blood,2,3,2,2,3,2,5,5,6,5,5,6,5,4,5,2,4,6,6,6,6,5,5,4,4,5,6,6,6,5,6,5,5,6,5,6,6,5,6,2,4,5,5,6,3,3,6,6,6,pass
256,18,Male,Heterosexual,No,NA,blood,3,2,3,2,2,2,7,7,7,7,7,7,4,4,6,2,4,6,6,6,6,6,6,6,6,6,5,6,6,6,6,7,6,6,6,6,6,6,6,1,4,5,3,3,3,3,6,6,6,pass
234,30,Male,Heterosexual,No,NA,blood,1,2,1,1,2,2,7,6,6,4,6,6,4,5,4,3,4,5,5,5,6,5,6,4,5,6,5,7,6,6,6,6,7,5,5,5,5,5,6,4,4,5,2,3,4,3,6,5,4,pass
271,39,Male,Heterosexual,Yes,0,blood,4,4,4,4,4,4,4,4,4,4,4,4,3,3,3,3,3,4,4,4,4,4,4,5,4,5,4,4,4,4,4,4,4,4,4,4,4,4,4,1,1,4,4,4,4,4,3,5,4,pass
386,24,Male,Bisexual,No,NA,blood,2,2,4,4,3,4,5,5,4,4,5,4,6,5,6,5,6,5,6,4,4,4,5,4,4,5,4,4,5,5,5,4,4,4,5,4,4,5,4,6,6,4,4,4,4,4,6,6,4,pass
273,24,Male,Heterosexual,Yes,6,blood,4,4,4,4,4,4,4,5,5,4,5,5,5,4,4,4,4,5,5,5,5,6,5,6,5,6,5,5,3,5,6,5,5,5,5,5,5,5,6,5,6,6,5,5,6,6,6,6,6,pass
224,21,Male,Heterosexual,Yes,1,blood,4,4,4,4,3,4,4,5,5,4,5,5,5,2,5,4,2,4,5,4,2,6,1,5,4,4,5,6,5,4,4,4,4,4,4,4,4,4,4,2,1,6,7,5,7,6,5,6,4,pass
294,36,Male,Heterosexual,No,NA,blood,3,4,3,4,3,3,5,4,5,4,5,5,1,2,3,2,1,2,5,5,3,5,2,3,2,7,5,5,6,5,5,5,5,6,5,6,6,6,5,5,1,3,5,5,3,2,6,6,6,pass
262,23,Male,Bisexual,No,NA,blood,3,2,3,3,3,3,6,4,4,5,6,5,5,4,5,4,4,4,5,4,5,3,3,5,4,6,5,5,4,5,5,5,4,6,6,5,5,5,4,3,4,5,5,6,5,5,6,6,5,pass
353,31,Male,Heterosexual,Yes,10,blood,2,1,2,3,2,2,6,6,7,5,7,6,5,6,5,4,3,6,5,7,5,6,4,3,3,6,5,6,7,5,5,5,5,4,6,4,5,6,6,6,7,3,5,4,3,3,6,6,7,pass
433,37,Male,Heterosexual,Yes,10,blood,4,1,2,4,4,1,4,7,6,4,5,5,4,6,4,3,4,6,4,6,5,5,6,4,4,4,5,5,6,5,6,4,5,4,5,4,5,4,4,5,1,4,4,4,2,5,5,6,6,pass
244,18,Male,Heterosexual,No,NA,blood,2,2,2,2,2,2,6,6,6,6,6,6,6,3,5,5,6,3,3,4,6,3,4,6,5,7,6,5,3,6,6,5,5,3,4,4,4,3,3,4,5,6,7,6,6,6,7,2,6,pass
460,53,Male,Heterosexual,Yes,0,blood,3,3,3,3,3,3,5,5,5,5,6,5,6,6,5,5,5,5,5,5,5,5,5,4,4,4,5,5,5,4,5,5,5,5,5,5,5,5,5,5,5,4,5,5,4,4,7,7,7,pass
284,18,Male,Heterosexual,No,NA,blood,2,1,3,2,1,3,6,5,5,5,6,5,5,5,5,3,5,3,3,5,6,5,5,2,5,5,6,5,7,6,5,5,6,5,6,5,6,6,7,6,7,2,5,6,2,3,7,7,6,pass
262,19,Male,Heterosexual,No,NA,blood,2,2,2,2,2,2,6,4,6,6,6,6,5,5,5,2,2,3,3,3,3,3,5,2,3,6,6,7,6,6,6,5,6,6,6,5,5,6,5,3,4,2,2,5,1,4,6,2,2,pass
350,22,Male,Heterosexual,No,NA,blood,4,3,4,4,2,3,4,3,4,4,4,5,4,4,4,3,4,3,4,3,3,2,2,2,3,5,5,4,4,4,4,4,3,4,4,3,4,4,4,4,2,4,4,7,4,3,7,6,4,pass
372,36,Male,Heterosexual,Yes,0,blood,4,3,5,3,5,4,4,5,5,4,3,3,5,4,4,3,2,4,3,4,5,5,6,3,5,3,3,5,3,5,2,5,5,5,5,5,4,5,3,2,4,4,5,6,3,5,3,3,4,pass
377,40,Male,Bisexual,Yes,0,blood,4,4,4,4,4,4,4,4,5,4,5,5,4,4,4,1,4,4,4,4,4,4,4,4,4,4,4,4,5,4,4,4,4,4,4,4,5,4,4,4,5,2,4,4,4,4,4,6,6,pass
282,29,Male,Heterosexual,Yes,0,blood,1,1,1,1,1,1,5,2,5,6,5,7,1,4,7,3,5,4,3,4,4,6,4,4,4,5,5,5,5,5,5,2,2,4,5,4,6,6,6,7,1,6,5,5,4,3,7,7,7,pass
413,30,Male,Heterosexual,No,NA,blood,3,3,3,4,4,5,6,6,5,5,5,5,4,5,5,4,4,4,5,3,4,4,5,4,4,5,5,6,5,5,6,6,5,6,6,6,6,6,6,4,4,5,5,4,3,4,6,6,5,pass
260,31,Male,Heterosexual,No,NA,blood,3,4,3,4,2,3,5,6,5,4,5,5,4,5,5,5,4,6,6,4,6,5,5,6,3,5,5,4,3,4,4,5,5,5,6,5,5,5,5,4,4,5,5,4,4,4,7,6,6,pass
251,30,Male,Heterosexual,No,NA,control,3,3,3,3,3,3,5,4,5,4,5,4,5,5,5,3,5,5,5,5,5,5,5,4,4,5,5,5,5,5,5,4,4,4,4,4,4,4,5,4,4,4,4,4,4,4,6,6,6,pass
180,30,Male,Heterosexual,No,NA,control,3,3,3,3,3,3,5,4,5,4,5,4,4,4,4,3,4,4,3,4,4,3,5,2,3,4,5,5,4,4,5,4,5,3,5,4,5,5,5,4,4,4,3,3,3,3,6,6,6,pass
214,20,Male,Heterosexual,No,NA,control,3,3,4,3,3,4,6,5,5,5,6,6,6,2,6,2,3,3,5,4,3,3,3,6,5,5,6,6,6,5,6,5,5,6,5,6,6,6,5,4,6,6,5,4,5,6,7,7,6,pass
542,29,Male,Heterosexual,No,NA,control,4,6,5,4,5,5,3,3,3,4,3,3,4,3,4,1,4,2,4,3,2,3,3,2,3,4,3,4,4,4,3,3,4,5,5,5,6,6,5,1,1,6,6,6,6,6,6,7,6,pass
206,27,Male,Heterosexual,No,NA,control,3,6,6,2,4,5,4,3,4,3,4,3,4,3,5,2,5,2,3,2,2,4,3,3,3,5,4,4,5,5,5,5,3,6,5,6,6,5,5,2,5,4,6,3,3,5,6,6,6,pass
197,21,Male,Heterosexual,No,NA,control,2,3,5,3,2,5,6,5,4,4,5,3,5,4,5,3,4,3,5,4,5,4,4,3,4,6,5,7,6,6,6,6,6,5,6,5,6,5,6,4,3,6,5,6,4,5,5,6,6,pass
366,26,Male,Bisexual,No,NA,control,3,5,3,4,3,5,5,4,5,3,4,5,5,4,4,2,4,3,5,5,5,3,3,3,3,4,5,5,5,4,5,4,5,5,5,5,5,5,5,5,6,3,5,5,3,3,6,6,6,pass
280,25,Male,Heterosexual,Yes,0,control,4,4,4,4,4,4,5,5,5,6,5,6,4,4,5,1,4,5,5,5,6,4,5,2,3,5,5,4,5,5,6,2,2,5,6,5,6,6,6,3,4,5,6,5,3,6,7,7,6,pass
225,28,Male,Heterosexual,No,NA,control,4,5,5,5,4,6,5,3,3,3,4,3,2,3,2,5,2,3,5,5,4,4,3,2,2,2,5,6,3,5,3,3,5,5,5,5,5,5,6,1,1,5,6,6,3,6,6,6,6,pass
206,23,Male,Heterosexual,Yes,4,control,2,5,3,2,3,3,5,5,5,5,5,5,5,3,5,2,3,5,6,5,5,5,6,5,3,5,5,5,5,5,5,5,5,5,5,5,5,5,4,3,3,6,5,6,5,6,6,6,6,pass
237,27,Male,Heterosexual,No,NA,control,4,4,4,4,4,4,4,4,4,4,4,4,1,3,4,4,1,4,4,4,4,4,4,4,4,4,4,4,4,4,4,4,4,4,4,4,4,4,4,1,1,4,4,4,4,4,5,4,4,pass
198,33,Male,Heterosexual,No,NA,control,2,2,2,2,2,2,5,6,6,5,6,6,4,5,4,3,3,6,5,5,6,5,5,2,2,3,5,5,6,5,6,5,5,6,6,6,6,6,6,4,3,2,3,3,2,2,6,6,7,pass
186,21,Male,Heterosexual,No,NA,control,4,4,4,4,4,4,4,4,4,4,5,5,3,5,4,2,3,4,5,4,4,4,4,4,4,4,4,4,5,4,4,4,4,4,5,4,4,5,4,3,3,4,5,4,4,4,6,5,4,pass
172,24,Male,Heterosexual,No,NA,control,4,6,5,5,4,6,4,5,5,4,4,5,4,4,4,3,3,4,6,2,3,3,5,6,5,3,5,5,4,3,3,4,3,5,5,3,4,5,5,7,1,6,6,6,6,6,4,5,5,pass
241,32,Male,Heterosexual,Yes,1,control,4,4,4,4,4,4,4,4,4,4,4,4,4,4,4,3,4,4,4,4,4,4,4,4,4,4,4,4,5,4,4,4,4,4,4,4,4,4,4,4,4,4,4,4,4,4,7,7,6,pass
429,43,Male,Heterosexual,Yes,0,control,3,4,3,4,3,3,4,4,6,6,6,5,5,4,4,5,3,3,5,4,3,4,3,4,4,4,4,6,6,4,5,6,6,6,4,4,6,6,6,5,1,5,5,4,3,5,7,6,5,pass
400,26,Male,Heterosexual,No,NA,control,2,5,2,4,2,2,6,6,6,6,6,6,5,6,5,3,5,4,3,5,4,4,6,3,5,6,6,6,6,6,6,6,5,6,7,5,6,6,6,6,4,2,5,6,2,3,6,6,7,pass
321,31,Male,Heterosexual,No,NA,control,5,6,4,5,4,4,5,6,5,5,5,4,3,4,4,1,2,3,5,3,4,4,5,2,3,3,4,4,5,5,5,4,5,6,5,5,6,6,5,2,1,5,6,6,5,6,6,6,6,pass
354,24,Male,Heterosexual,Yes,0,control,4,6,3,3,3,3,4,4,5,4,4,4,5,5,5,3,4,3,5,5,3,3,4,3,3,5,4,7,7,4,5,5,5,6,6,5,6,6,6,4,5,3,3,6,2,5,6,6,6,pass
199,20,Male,Heterosexual,Yes,2,control,3,3,3,3,3,3,5,5,5,5,5,5,5,4,5,4,5,5,5,4,5,5,5,5,5,4,4,4,4,4,4,5,5,5,5,5,5,5,5,5,5,4,4,5,4,4,7,7,6,pass
539,24,Male,Heterosexual,No,NA,control,5,4,5,5,2,2,3,4,4,3,5,5,6,5,5,5,6,5,6,6,6,6,6,6,5,5,4,3,3,3,4,4,3,4,5,5,6,6,4,4,5,6,6,6,5,6,7,7,5,pass
149,18,Male,Heterosexual,No,NA,control,2,3,2,2,2,2,6,6,6,6,5,6,5,6,5,2,5,6,6,6,6,6,6,6,5,6,6,6,6,6,6,6,6,5,6,6,6,6,6,4,5,5,6,6,5,5,7,6,2,pass
264,23,Male,Heterosexual,Yes,3,control,2,4,5,4,3,5,3,4,3,3,4,3,4,4,4,2,4,3,5,3,3,3,4,4,3,4,3,4,5,3,3,3,4,5,5,5,5,5,5,2,4,5,5,5,5,4,5,5,5,pass
317,35,Male,Heterosexual,No,NA,control,3,5,4,4,5,5,5,3,4,3,4,4,2,2,4,3,2,3,4,3,4,4,3,4,4,4,5,5,4,4,4,4,5,4,5,4,4,5,5,7,6,3,4,4,4,3,6,6,5,pass
262,35,Male,Heterosexual,Yes,0,control,3,4,3,4,2,5,5,5,5,5,5,4,5,3,5,3,4,3,3,3,4,3,3,3,3,5,5,5,5,5,5,5,4,5,5,5,5,5,5,4,5,4,3,3,3,3,7,6,6,pass
163,25,Male,Heterosexual,No,NA,control,2,3,3,4,3,3,4,4,5,6,4,5,3,4,3,3,4,2,3,4,3,2,2,3,2,4,5,4,5,4,5,5,5,5,6,5,5,5,5,3,2,3,3,3,3,3,6,5,4,pass
279,56,Male,Heterosexual,No,NA,control,2,2,2,2,2,2,6,4,6,6,6,7,6,6,6,6,6,4,6,5,7,6,6,2,2,4,6,7,7,7,7,7,7,5,6,5,6,7,7,7,4,2,2,2,2,2,7,7,7,pass
742,18,Male,Heterosexual,No,NA,control,2,3,3,4,3,2,7,6,6,5,7,6,5,6,5,4,5,5,5,6,5,3,3,3,3,5,6,7,7,6,7,6,6,6,5,7,6,6,5,5,2,6,5,6,5,5,7,7,6,pass
556,25,Male,Heterosexual,Yes,0,control,3,4,3,3,3,3,5,2,4,2,3,4,5,5,4,3,4,3,5,3,3,3,3,3,5,4,4,4,5,3,3,5,4,5,6,5,5,6,5,5,5,5,5,5,4,4,6,7,7,pass
283,61,Male,Heterosexual,Yes,0,control,4,4,4,4,4,4,4,4,4,4,5,5,4,3,4,3,2,4,4,4,4,4,4,4,4,4,4,4,4,4,4,4,4,4,4,4,4,5,4,2,2,4,4,4,4,5,6,6,5,pass
277,33,Male,Heterosexual,Yes,0,control,2,6,3,4,3,5,6,1,6,2,4,3,4,4,4,2,1,2,2,3,3,2,2,1,2,2,2,6,3,2,5,4,2,5,5,5,4,6,5,1,1,1,2,2,1,2,7,7,6,pass
279,25,Male,Homosexual,No,NA,control,4,5,3,3,4,3,4,4,5,6,6,6,4,5,4,2,4,5,4,3,5,4,6,3,4,3,6,5,6,4,6,5,5,6,6,7,6,6,6,2,3,3,3,6,3,5,6,7,6,pass
328,32,Male,Heterosexual,Yes,2,control,6,6,5,5,5,6,3,3,3,2,3,3,5,5,5,4,5,3,3,3,3,3,2,2,5,5,5,5,3,5,3,3,3,5,6,5,5,5,6,1,1,5,5,5,5,5,6,6,5,pass
448,41,Male,Heterosexual,Yes,0,control,4,5,5,4,4,6,4,2,5,4,4,5,5,6,5,4,4,2,3,3,2,3,2,3,5,6,5,6,5,5,3,4,5,5,5,5,6,5,6,3,5,7,3,4,5,7,6,7,6,pass
306,62,Male,Heterosexual,No,NA,control,1,3,2,1,2,2,7,5,6,6,6,3,5,3,5,5,5,4,3,2,2,3,2,2,3,6,6,6,6,7,7,5,5,6,6,5,5,6,6,4,5,2,2,3,2,1,7,7,7,pass
314,60,Male,Heterosexual,Yes,0,control,2,2,2,4,3,2,6,6,6,5,6,6,5,3,4,2,3,5,5,3,5,3,6,3,3,5,6,6,6,6,6,6,6,5,6,5,5,5,6,6,4,3,3,5,5,4,6,6,6,pass
257,34,Male,Heterosexual,No,NA,control,3,5,5,3,3,5,5,6,5,3,5,5,4,2,3,2,3,2,3,3,3,3,3,3,3,5,5,5,5,5,5,5,5,6,5,5,6,6,5,2,4,5,5,6,5,5,6,6,6,pass
329,31,Male,Other,No,NA,control,2,5,2,3,3,4,5,4,6,4,5,3,5,3,4,3,4,3,5,3,4,5,3,3,4,5,4,6,6,5,5,6,5,5,5,4,5,6,4,5,2,5,6,5,4,6,7,6,6,pass
219,22,Female,Heterosexual,No,NA,bandage,4,4,4,5,5,6,5,3,5,3,4,5,5,3,5,3,3,3,7,5,4,6,5,6,5,6,5,4,3,5,4,4,5,5,6,6,6,6,4,6,2,5,7,4,6,4,6,6,6,pass
158,21,Female,Heterosexual,Yes,5,bandage,6,5,6,6,6,6,5,4,5,5,6,6,5,4,5,3,5,6,6,6,5,6,6,5,5,5,5,6,6,6,5,6,5,5,6,5,5,6,6,3,5,6,5,5,5,6,7,7,6,pass
225,25,Female,Heterosexual,No,NA,bandage,7,6,6,6,7,6,6,6,6,6,6,6,5,4,5,2,4,5,5,4,6,5,6,3,5,5,6,6,6,6,6,6,6,6,6,5,6,6,5,5,4,4,3,3,4,2,6,6,7,pass
382,32,Female,Heterosexual,No,NA,bandage,6,2,4,6,5,4,6,5,6,4,4,4,6,6,5,4,5,2,2,2,3,3,2,3,3,6,5,6,7,4,5,5,6,6,7,6,7,7,6,5,2,2,3,6,4,6,5,6,7,pass
336,21,Female,Homosexual,No,NA,bandage,7,4,6,7,7,6,6,4,6,7,6,6,5,4,5,1,4,4,5,5,5,5,7,6,6,6,4,7,3,4,4,4,4,6,6,6,4,6,6,7,2,6,6,7,1,1,7,5,7,pass
222,26,Female,Heterosexual,No,NA,bandage,4,6,4,4,6,6,5,6,6,5,6,7,5,4,4,5,4,4,5,5,6,6,5,3,5,4,5,6,5,5,5,5,5,6,6,4,5,6,4,4,5,5,6,4,4,4,6,6,5,pass
212,21,Female,Heterosexual,Yes,1,bandage,7,6,6,5,6,6,7,7,5,6,7,6,6,5,6,3,4,5,6,5,7,7,6,7,4,6,5,6,6,6,6,6,7,6,7,6,5,7,6,4,6,7,6,5,7,5,6,3,6,pass
456,20,Female,Bisexual,No,NA,bandage,6,5,5,5,6,6,6,5,6,4,6,6,4,3,4,2,3,5,5,5,5,4,6,4,5,6,6,5,6,6,6,6,6,6,6,6,6,6,5,5,3,5,5,5,4,3,2,2,3,pass
193,33,Female,Bisexual,No,NA,bandage,2,1,2,7,7,3,5,5,5,1,5,6,4,3,4,2,1,5,6,5,6,5,6,4,5,3,5,5,5,3,5,5,6,5,5,5,5,5,5,1,1,5,6,5,6,3,6,6,4,pass
185,22,Female,Heterosexual,Yes,0,bandage,6,6,6,6,6,6,6,6,6,4,6,6,5,4,4,4,3,3,4,3,6,3,5,3,4,6,6,6,6,6,6,5,5,3,3,4,3,3,5,4,4,2,2,2,2,2,6,6,5,pass
325,41,Female,Homosexual,Yes,1,bandage,3,4,6,6,6,5,6,5,6,5,6,6,5,4,4,4,3,5,6,5,6,5,6,6,5,5,4,6,6,6,6,6,6,6,6,6,6,6,6,2,2,7,6,7,3,4,6,6,5,pass
301,22,Female,Bisexual,Yes,1,bandage,5,5,5,6,6,6,5,4,5,3,4,3,5,3,4,4,3,3,5,4,4,3,5,3,4,5,5,5,3,4,4,4,3,4,4,4,4,5,4,3,3,3,5,5,3,3,5,6,6,pass
204,28,Female,Heterosexual,No,NA,bandage,2,2,2,2,2,2,3,2,2,2,2,4,2,4,3,1,1,3,5,3,2,3,6,2,2,4,2,5,5,2,5,2,6,6,6,5,5,5,5,2,1,6,5,5,6,6,6,4,6,pass
269,26,Female,Heterosexual,No,NA,bandage,4,5,6,4,6,5,4,4,6,4,5,5,5,5,5,3,6,5,3,5,6,3,5,3,3,6,5,6,6,5,6,5,5,5,3,4,5,5,5,5,4,2,2,5,3,4,7,5,5,pass
742,26,Female,Homosexual,Yes,10,bandage,5,2,5,4,3,1,4,3,4,4,4,3,4,5,5,6,2,2,4,3,2,4,1,4,2,5,2,4,6,2,3,3,4,6,6,4,6,6,4,1,1,7,7,7,3,6,7,7,6,pass
343,29,Female,Heterosexual,Yes,1,bandage,6,5,6,6,6,5,6,4,6,4,6,6,5,3,5,4,4,6,6,6,6,6,6,6,6,5,6,5,6,6,6,6,6,6,6,4,6,6,6,5,5,5,5,5,4,5,6,6,6,pass
212,26,Female,Bisexual,No,NA,bandage,5,3,4,4,5,6,4,4,4,3,5,5,3,4,3,2,2,5,4,4,3,4,4,4,4,3,4,4,5,4,4,5,4,4,4,4,4,5,4,2,3,5,5,4,4,3,6,6,5,pass
235,31,Female,Other,Yes,0,bandage,5,5,5,5,5,5,6,6,6,4,6,6,5,5,5,5,5,6,6,6,6,6,6,5,5,6,6,6,6,6,6,5,5,6,6,6,6,6,6,5,4,5,5,5,5,5,7,7,6,pass
562,50,Female,Heterosexual,Yes,0,bandage,5,5,6,4,6,5,6,4,6,4,6,6,5,5,5,5,5,6,5,4,4,3,4,4,5,4,4,4,6,4,4,5,5,6,6,6,6,6,6,4,4,4,6,6,3,4,7,6,6,pass
181,64,Female,Heterosexual,No,NA,bandage,6,6,6,6,6,6,4,4,5,5,5,5,3,3,4,3,3,5,4,3,5,4,5,3,3,6,5,6,6,6,5,5,5,4,4,4,5,3,5,2,2,3,3,2,3,3,5,5,5,pass
482,27,Female,Heterosexual,No,NA,bandage,4,4,4,4,5,4,4,4,4,4,4,4,3,3,3,1,2,4,4,3,4,4,4,2,2,4,4,4,4,4,4,2,4,4,4,4,4,4,4,2,1,4,4,4,4,4,5,3,3,pass
168,23,Female,Heterosexual,No,NA,bandage,5,5,5,4,6,6,6,4,5,4,5,6,4,3,5,2,5,5,3,5,5,4,4,3,5,5,6,5,6,6,6,5,5,6,5,5,6,6,6,4,2,3,3,5,3,4,6,4,5,pass
412,44,Female,Heterosexual,No,NA,bandage,5,4,5,4,5,5,6,4,6,4,4,6,4,4,5,4,4,5,6,4,5,6,6,4,6,5,4,4,6,6,6,6,6,5,6,4,6,5,6,4,3,5,5,3,3,4,6,6,4,pass
223,30,Female,Heterosexual,Yes,0,bandage,6,5,6,6,6,6,6,5,6,5,6,6,5,4,5,4,4,6,6,6,6,6,6,6,5,5,5,6,6,5,5,5,5,5,4,5,5,5,6,3,1,5,4,6,5,5,6,6,6,pass
442,63,Female,Heterosexual,No,NA,bandage,4,4,4,4,4,4,4,4,3,4,4,4,5,4,4,4,4,4,4,4,4,4,4,4,4,5,4,4,4,4,4,4,4,4,5,5,5,5,5,4,4,5,4,4,5,5,6,6,6,pass
303,29,Female,Bisexual,Yes,0,bandage,5,4,5,5,5,4,5,4,6,4,4,4,6,5,6,5,5,5,5,5,5,5,3,4,5,6,6,6,5,5,5,5,5,6,5,5,5,5,6,6,6,5,6,6,5,5,6,6,6,pass
230,19,Female,Bisexual,No,NA,bandage,7,6,6,7,7,7,7,4,6,3,6,6,5,5,5,4,2,5,7,6,6,6,5,6,5,3,5,6,6,4,5,6,6,6,7,5,6,5,5,3,2,2,3,5,6,1,6,6,5,pass
477,27,Female,Heterosexual,Yes,0,bandage,6,6,6,6,6,6,7,6,7,6,6,6,6,5,5,4,5,6,7,6,6,7,6,5,4,6,6,6,6,7,7,6,5,6,6,6,6,6,6,5,5,6,6,4,5,5,7,7,6,pass
403,21,Female,Bisexual,Yes,2,bandage,6,5,4,6,6,5,5,3,5,4,6,6,5,5,5,2,4,6,5,6,6,5,6,3,5,5,6,6,6,6,6,6,6,6,6,5,6,6,6,5,6,3,5,5,6,2,7,6,7,pass
423,18,Female,Heterosexual,No,NA,bandage,4,3,5,3,6,5,4,6,6,4,6,4,4,6,4,2,3,3,3,2,3,3,1,3,2,6,4,4,3,4,3,3,5,3,4,5,3,3,5,2,5,4,4,6,4,5,5,3,4,pass
435,27,Female,Heterosexual,Yes,2,bandage,4,3,3,5,3,3,4,3,3,2,3,5,5,3,5,3,5,4,5,5,3,2,3,3,3,6,5,5,2,4,4,4,5,6,5,5,5,6,5,4,7,5,5,5,6,3,6,5,4,pass
204,19,Female,Other,No,NA,bandage,6,5,6,3,5,6,7,6,6,6,6,6,6,5,6,3,5,6,6,5,6,5,6,5,5,7,6,7,7,7,6,7,7,7,7,7,6,7,7,6,5,5,6,3,3,6,7,5,6,pass
377,34,Female,Heterosexual,Yes,0,bandage,4,5,5,4,5,5,4,5,5,4,5,5,4,4,4,3,3,3,5,5,5,3,3,3,3,4,5,5,5,5,5,5,5,4,5,4,5,5,5,4,3,3,3,3,3,3,6,5,5,pass
182,25,Female,Heterosexual,Yes,3,bandage,4,4,4,4,4,4,4,4,4,4,4,4,5,4,5,4,5,4,4,4,4,4,4,4,4,4,4,4,4,4,4,4,4,4,4,4,4,4,4,4,6,4,4,4,4,4,6,6,6,pass
209,27,Female,Heterosexual,No,NA,bandage,5,4,4,5,5,5,5,5,5,4,5,5,4,4,4,3,3,5,5,5,5,4,5,5,5,5,5,5,5,5,5,5,5,5,5,5,5,5,5,6,4,4,4,5,5,4,6,6,6,pass
198,39,Female,Heterosexual,No,NA,bandage,4,4,4,4,4,4,4,4,4,4,4,4,4,4,4,4,4,4,4,4,4,4,4,4,4,4,4,4,4,4,4,4,4,4,4,4,4,4,4,3,2,4,4,4,4,4,5,5,4,pass
622,32,Female,Heterosexual,No,NA,bandage,5,5,5,4,5,5,4,4,4,4,4,4,4,4,4,4,4,5,6,5,5,6,5,5,4,4,4,4,5,5,4,4,4,6,6,5,5,6,6,5,4,5,5,6,5,6,6,6,5,pass
295,27,Female,Heterosexual,Yes,0,bandage,4,4,4,4,5,4,4,4,5,4,5,5,6,6,6,5,5,5,4,3,5,5,5,5,5,5,4,4,3,4,5,4,4,4,4,4,4,5,5,5,6,4,5,4,4,5,7,6,5,pass
190,26,Female,Bisexual,No,NA,bandage,4,4,3,4,5,4,4,4,4,4,4,4,5,5,4,3,4,4,4,4,4,4,5,4,4,4,4,4,4,4,4,4,4,4,4,4,4,4,4,4,4,4,4,4,4,4,6,6,5,pass
217,23,Female,Heterosexual,No,NA,bandage,6,6,6,5,7,6,6,6,5,4,6,5,5,6,5,5,5,6,6,7,6,6,5,5,5,6,6,7,7,6,6,7,6,5,6,5,5,6,6,6,4,4,5,5,4,6,6,4,3,pass
406,30,Female,Heterosexual,No,NA,bandage,3,3,3,3,3,3,3,5,5,5,3,6,5,3,5,2,4,3,3,3,3,3,3,5,2,5,5,5,5,5,5,3,3,5,5,5,5,5,5,2,5,6,6,6,5,5,6,6,5,pass
269,20,Female,Heterosexual,No,NA,blood,5,7,6,7,6,6,5,4,6,5,6,7,5,3,5,2,4,4,2,2,5,3,5,2,2,5,6,7,3,4,4,6,7,4,5,4,6,5,2,4,6,5,4,4,3,3,6,6,7,pass
459,37,Female,Bisexual,No,NA,blood,5,7,5,5,6,5,5,4,6,4,6,5,4,5,4,1,4,6,6,4,5,5,5,4,4,5,6,6,6,5,5,5,5,4,6,4,6,5,6,4,5,3,4,5,4,4,5,7,7,pass
327,52,Female,Heterosexual,No,NA,blood,6,5,6,7,6,5,6,7,6,5,6,6,6,5,6,5,6,6,6,6,6,6,5,5,5,6,7,7,7,7,6,6,6,6,6,6,6,5,6,6,6,6,7,7,6,7,7,7,7,pass
248,27,Female,Heterosexual,No,NA,blood,5,6,3,5,6,6,4,4,6,2,5,5,5,4,4,5,5,5,6,5,6,4,3,5,3,4,2,3,5,4,3,5,4,5,5,6,4,6,5,1,5,4,6,5,5,3,7,7,6,pass
217,26,Female,Bisexual,Yes,1,blood,6,6,6,6,6,4,7,6,6,4,6,6,5,7,6,3,5,4,6,4,5,4,6,5,4,6,6,7,7,7,6,6,6,7,6,5,7,7,6,6,4,3,6,6,3,4,7,7,7,pass
181,21,Female,Heterosexual,Yes,3,blood,6,6,6,5,6,6,6,6,6,6,6,6,6,5,5,3,4,6,5,6,5,6,5,5,3,4,5,5,6,6,5,6,5,4,6,5,4,6,6,6,3,7,6,6,6,6,7,7,6,pass
318,26,Female,Heterosexual,Yes,2,blood,6,5,5,6,6,6,5,5,4,4,6,5,6,3,5,3,5,6,5,5,6,6,5,7,4,7,6,5,6,6,6,6,6,6,6,6,6,6,6,6,5,6,6,6,4,6,7,7,6,pass
272,24,Female,Heterosexual,No,NA,blood,6,7,6,6,6,7,6,4,6,4,6,6,5,5,5,3,5,6,4,5,5,5,6,4,4,5,6,4,4,6,6,6,6,4,6,4,6,6,6,4,4,4,4,4,4,4,6,5,4,pass
299,55,Female,Heterosexual,No,NA,blood,6,6,6,6,6,6,5,6,6,5,6,6,6,5,6,6,6,5,5,4,5,4,5,3,3,5,5,5,6,5,6,6,6,5,6,5,5,6,6,6,5,5,6,4,5,5,6,6,6,pass
168,32,Female,Heterosexual,No,NA,blood,5,6,4,4,6,5,5,6,5,3,6,5,2,4,3,1,1,5,5,5,5,4,5,4,4,6,5,5,6,6,5,5,5,3,5,3,5,5,5,3,2,4,5,5,5,5,6,5,7,pass
316,29,Female,Heterosexual,Yes,2,blood,6,3,4,4,6,5,4,4,5,3,4,5,6,4,5,5,5,6,6,5,5,4,5,5,4,5,5,4,3,3,4,4,5,4,5,5,4,4,5,5,5,5,5,5,3,3,6,6,4,pass
392,47,Female,Homosexual,No,NA,blood,4,3,3,4,4,4,5,4,5,5,5,5,5,4,5,3,4,4,4,4,4,4,5,5,4,5,5,5,5,4,5,4,4,5,5,5,4,5,5,1,1,4,3,4,3,5,6,5,5,pass
257,48,Female,Heterosexual,Yes,2,blood,4,3,3,4,4,3,5,4,5,4,5,3,3,5,5,5,2,2,3,3,3,3,3,2,3,4,6,5,6,6,6,4,3,5,6,5,6,6,6,2,2,5,6,5,5,6,7,7,6,pass
347,39,Female,Heterosexual,No,NA,blood,7,6,7,7,7,7,6,5,7,6,6,7,5,5,5,5,3,7,5,5,6,6,6,5,5,7,6,7,7,6,7,6,7,7,7,6,6,7,6,5,2,1,2,4,1,2,7,6,7,pass
364,28,Female,Bisexual,Yes,6,blood,4,5,4,4,6,4,4,4,5,1,5,5,5,3,4,3,4,5,5,5,5,4,6,3,5,5,5,6,6,4,5,6,4,6,5,6,4,6,5,6,6,6,3,5,5,3,6,6,5,pass
415,21,Female,Heterosexual,No,NA,blood,6,3,5,5,5,6,6,5,5,5,6,6,5,5,5,4,3,6,7,6,5,7,6,2,5,5,5,5,6,5,6,6,6,5,6,6,6,6,6,5,3,3,5,5,6,4,7,7,7,pass
795,29,Female,Heterosexual,Yes,0,blood,7,7,6,6,6,7,5,6,4,5,6,5,6,5,6,5,6,5,6,6,5,4,5,6,5,5,4,6,7,4,4,5,5,6,4,4,4,4,4,6,6,4,5,4,4,4,7,6,4,pass
523,23,Female,Heterosexual,No,NA,blood,7,7,7,7,7,7,7,6,7,6,6,7,5,7,5,4,4,6,3,6,6,3,7,3,3,6,6,6,7,6,6,6,5,6,6,6,6,6,7,7,1,1,1,1,1,2,7,7,7,pass
446,25,Female,Other,No,NA,blood,5,3,5,6,4,5,5,5,5,4,4,5,4,3,3,3,2,5,5,2,3,3,3,3,3,5,6,6,7,5,5,2,5,6,6,4,5,6,5,3,1,3,6,2,3,5,6,2,6,pass
292,43,Female,Heterosexual,Yes,0,blood,5,5,6,5,5,6,5,4,6,5,5,5,4,4,4,4,4,5,5,4,5,4,4,5,3,5,6,5,6,5,6,6,6,6,5,5,5,6,6,5,4,3,3,3,2,3,5,4,5,pass
204,24,Female,Bisexual,Yes,0,blood,6,7,6,4,4,4,7,7,6,4,4,6,5,5,4,2,4,4,6,4,6,5,6,4,5,4,6,4,6,5,7,6,6,4,6,5,4,6,6,5,3,5,6,4,4,4,7,7,7,pass
536,47,Female,Heterosexual,No,NA,blood,6,3,6,4,7,7,7,7,7,5,7,7,5,2,4,2,2,6,6,6,6,6,6,5,5,6,6,7,7,6,6,6,7,6,7,6,6,6,7,5,2,3,5,6,3,5,6,7,7,pass
236,27,Female,Heterosexual,No,NA,blood,7,1,7,7,7,3,7,7,7,4,7,7,7,2,5,3,3,7,7,7,7,7,7,7,7,5,6,5,6,5,5,5,3,7,7,7,7,7,7,1,1,7,5,7,5,2,6,7,7,pass
319,23,Female,Heterosexual,Yes,0,blood,7,7,7,7,7,7,7,6,7,6,6,6,6,6,6,6,5,6,6,6,6,5,6,6,6,6,6,6,7,6,6,7,7,6,6,6,6,6,6,6,4,3,5,5,4,5,6,6,6,pass
567,38,Female,Heterosexual,Yes,0,blood,6,6,6,6,6,5,4,4,4,4,4,5,5,5,4,3,4,5,6,5,5,6,6,6,6,6,5,6,6,5,5,5,5,5,6,5,5,6,6,5,6,5,6,5,5,4,7,7,7,pass
341,37,Female,Heterosexual,Yes,0,blood,7,7,7,7,7,7,4,4,4,4,4,4,1,1,1,1,1,4,4,4,3,4,4,6,6,4,4,4,4,4,4,6,4,5,6,6,5,6,5,4,4,4,4,4,4,4,6,5,2,pass
294,26,Female,Heterosexual,No,NA,blood,4,4,4,4,4,4,4,4,4,4,4,4,5,3,4,3,4,5,5,5,5,5,5,4,4,4,4,4,4,4,4,4,4,5,5,5,5,5,5,3,3,5,5,5,5,5,6,6,4,pass
185,27,Female,Heterosexual,No,NA,blood,5,6,4,4,5,5,5,6,4,4,5,4,3,4,5,3,5,5,5,6,4,5,4,4,4,5,5,5,6,5,4,4,4,4,4,4,4,4,5,4,3,5,5,6,4,3,6,6,6,pass
238,34,Female,Heterosexual,No,NA,blood,7,7,6,6,7,6,6,7,6,5,6,5,5,5,5,4,3,6,5,5,6,6,6,4,4,7,6,7,7,7,6,6,5,5,5,5,6,6,7,5,3,2,3,2,2,5,6,7,7,pass
407,21,Female,Homosexual,Yes,4,blood,4,4,4,4,4,4,5,6,4,4,5,5,5,5,4,4,6,4,4,4,5,4,4,4,4,5,5,5,5,5,5,5,5,4,4,4,4,5,5,4,3,5,5,5,4,5,6,6,6,pass
194,19,Female,Bisexual,No,NA,blood,4,4,4,4,4,4,5,4,5,4,5,5,3,2,3,1,4,5,5,4,5,5,5,4,4,5,4,4,5,4,4,4,4,5,5,5,5,6,4,1,1,3,3,4,3,3,5,5,4,pass
401,43,Female,Prefer not to say,No,NA,blood,4,4,4,6,5,4,6,7,6,5,5,6,5,5,5,4,2,4,5,5,5,6,4,3,4,6,5,6,6,5,4,4,5,4,6,4,6,6,4,3,2,5,5,5,5,5,7,7,7,pass
249,40,Female,Heterosexual,Yes,0,blood,7,6,6,7,6,6,5,4,6,5,6,6,4,5,5,4,4,4,4,3,4,3,4,4,3,5,4,4,5,4,5,6,6,6,6,6,6,6,6,5,3,5,5,5,5,5,7,6,6,pass
159,18,Female,Bisexual,No,NA,blood,6,7,5,6,6,6,6,4,5,2,4,3,6,2,5,2,3,2,1,2,2,1,2,2,2,7,6,5,6,7,6,7,6,7,6,5,3,6,5,5,2,2,3,3,3,2,6,6,6,pass
523,37,Female,Heterosexual,No,NA,blood,6,5,5,5,6,6,5,5,5,4,5,6,5,3,5,3,4,6,6,4,6,5,6,5,4,5,5,5,5,5,5,6,5,5,5,5,5,5,6,4,4,5,6,5,4,4,7,6,6,pass
649,23,Female,Bisexual,Yes,0,blood,6,6,5,5,6,5,6,4,6,5,6,5,5,6,4,5,4,5,6,6,3,5,6,5,5,6,5,5,5,6,6,6,6,5,6,5,5,6,6,3,5,3,5,6,3,2,3,2,3,pass
210,34,Female,Heterosexual,Yes,0,blood,6,6,6,6,6,6,6,6,6,6,6,6,6,6,6,4,5,6,5,5,5,6,5,5,5,7,7,6,7,7,7,7,7,7,7,7,7,7,7,6,3,4,5,4,5,4,7,6,6,pass
517,50,Female,Heterosexual,Yes,1,blood,7,6,7,5,7,6,7,7,7,4,7,7,6,7,4,4,6,7,7,7,6,6,7,6,6,7,7,7,7,7,6,7,7,7,7,7,6,7,7,6,3,2,2,3,1,4,7,7,7,pass
294,26,Female,Heterosexual,No,NA,blood,4,4,4,4,4,4,4,4,4,4,4,5,4,4,5,3,4,4,5,4,4,5,5,4,4,4,5,4,5,5,4,4,4,5,5,4,4,5,4,4,4,4,4,4,4,4,7,7,6,pass
534,38,Female,Heterosexual,No,NA,blood,6,2,4,5,6,4,5,4,4,4,4,4,5,4,5,3,4,4,3,3,3,3,3,2,3,4,4,4,4,4,4,4,4,5,6,4,5,6,5,2,1,4,4,5,4,5,7,6,6,pass
166,21,Female,Heterosexual,No,NA,blood,5,4,5,4,4,4,6,6,6,5,6,6,6,5,5,6,4,5,5,5,5,5,5,5,5,6,6,6,6,6,5,5,5,4,5,5,5,5,5,3,4,4,5,5,4,4,6,6,4,pass
261,22,Female,Heterosexual,Yes,1,blood,6,6,5,5,6,5,6,4,6,6,6,6,5,5,4,3,3,5,5,5,5,4,5,3,5,6,5,6,6,5,5,5,5,4,5,4,4,5,4,4,5,4,5,5,4,4,6,7,7,pass
355,22,Female,Heterosexual,No,NA,control,6,4,4,6,5,3,5,3,4,4,4,3,5,3,3,2,3,3,2,4,5,2,3,2,3,5,4,4,5,3,4,3,4,5,6,4,5,6,5,2,2,3,4,4,3,2,7,7,6,pass
484,33,Female,Homosexual,Yes,1,control,5,3,4,6,5,5,4,5,5,5,5,5,3,3,4,3,1,3,3,2,3,3,2,2,3,2,5,6,6,5,4,6,5,5,6,5,6,6,6,1,1,2,4,3,3,3,6,6,6,pass
213,21,Female,Other,No,NA,control,5,4,3,3,5,4,5,5,6,3,5,5,5,3,4,4,3,4,6,5,4,6,6,4,6,6,5,6,6,4,6,5,6,7,6,5,6,6,6,2,2,4,7,7,5,5,6,6,7,pass
337,24,Female,Bisexual,No,NA,control,5,2,3,5,5,4,4,3,5,1,6,5,4,6,4,2,2,3,5,5,4,6,5,3,5,4,6,6,6,5,5,4,6,6,7,5,6,7,7,7,5,6,6,4,5,7,7,6,4,pass
380,29,Female,Heterosexual,No,NA,control,5,3,5,5,6,6,6,5,6,5,6,6,6,5,6,3,5,6,6,6,5,6,6,5,5,6,5,5,6,5,6,6,6,6,6,6,5,6,6,5,5,6,6,6,5,6,7,7,6,pass
274,21,Female,Heterosexual,No,NA,control,6,6,3,5,6,3,3,3,6,2,6,5,5,6,5,2,3,2,3,2,2,3,1,2,3,5,6,7,7,5,7,5,6,7,6,5,5,6,4,2,3,2,1,5,3,2,7,7,7,pass
921,28,Female,Heterosexual,No,NA,control,4,4,6,4,6,5,4,5,5,4,5,3,5,3,5,3,3,3,4,4,5,3,4,2,2,3,5,4,3,5,5,3,5,6,5,5,6,6,6,4,4,3,3,4,3,5,6,6,6,pass
244,40,Female,Heterosexual,Yes,0,control,6,5,5,6,5,5,6,4,5,4,4,6,5,5,5,4,4,3,4,3,4,3,4,4,4,4,4,4,4,4,4,5,5,5,5,4,4,5,4,5,3,4,3,4,3,4,6,6,4,pass
178,24,Female,Heterosexual,Yes,2,control,7,7,7,7,7,7,7,6,7,6,7,7,7,7,6,7,7,7,7,7,6,6,7,7,6,6,6,7,7,6,6,7,6,6,6,6,7,7,6,5,6,4,5,5,5,4,7,7,7,pass
178,43,Female,Heterosexual,Yes,1,control,3,3,3,3,3,3,5,5,5,5,5,5,4,4,4,4,4,5,5,5,5,5,5,5,5,5,5,5,5,5,5,5,5,4,4,4,4,4,4,1,1,5,5,5,5,5,6,6,4,pass
260,31,Female,Heterosexual,No,NA,control,6,3,5,5,7,5,7,6,6,5,7,7,5,4,5,4,5,6,5,7,7,6,6,5,7,5,6,6,6,5,6,7,7,6,7,6,6,7,7,5,4,3,5,5,3,6,7,6,6,pass
252,48,Female,Heterosexual,Yes,0,control,4,2,4,4,4,3,4,2,3,4,4,2,4,4,4,2,2,2,2,1,2,2,1,1,1,3,4,4,5,3,3,4,4,4,4,3,3,3,4,1,1,6,4,6,6,7,6,6,6,pass
300,30,Female,Heterosexual,No,NA,control,5,3,4,5,6,4,5,3,5,4,5,4,4,4,4,3,3,4,3,4,4,5,5,3,3,4,5,5,6,5,5,4,5,5,6,6,6,6,6,4,3,6,6,6,5,6,5,5,6,pass
196,30,Female,Prefer not to say,Yes,0,control,4,4,4,4,5,4,4,4,4,4,5,4,5,6,5,3,3,4,3,4,4,4,5,4,3,4,4,4,4,4,4,4,4,4,4,4,4,4,5,5,3,3,5,5,3,4,5,5,4,pass
290,35,Female,Heterosexual,No,NA,control,4,2,3,3,5,3,4,6,3,2,3,5,3,3,4,3,2,3,5,4,3,4,2,3,5,5,4,5,6,4,3,4,5,6,6,4,5,6,6,3,3,5,5,6,3,4,6,6,6,pass
251,22,Female,Homosexual,Yes,1,control,4,3,2,4,3,2,5,5,5,4,6,6,4,4,3,2,2,5,5,5,5,5,6,5,6,5,5,6,5,5,5,5,6,5,5,6,6,5,6,3,3,5,5,4,4,4,6,6,6,pass
463,30,Female,Heterosexual,No,NA,control,5,3,2,4,6,3,4,3,2,4,5,5,4,4,4,3,2,3,6,5,3,5,3,2,2,5,4,6,7,5,4,3,6,6,6,5,6,6,6,1,1,6,6,5,6,6,7,7,7,pass
319,39,Female,Other,Yes,0,control,3,3,3,4,3,3,4,3,3,4,5,3,7,7,7,7,7,2,3,3,2,2,2,2,3,5,5,5,6,3,5,5,6,7,7,4,7,7,7,5,6,6,6,6,6,5,6,6,5,pass
572,25,Female,Bisexual,No,NA,control,5,2,2,4,4,2,5,4,3,3,3,5,6,5,6,5,2,3,7,6,2,7,3,6,6,5,3,3,5,4,3,2,2,6,7,5,6,7,6,5,6,7,7,7,7,7,7,7,7,pass
291,25,Female,Bisexual,Yes,0,control,4,1,1,3,5,2,4,2,2,3,3,2,1,4,3,1,1,3,2,5,3,5,1,1,1,2,3,2,5,2,2,1,2,5,4,4,3,3,5,1,1,7,7,7,6,7,5,6,5,pass
434,49,Female,Heterosexual,No,NA,control,1,1,1,1,1,1,1,2,1,1,2,2,2,2,2,2,1,2,2,2,2,2,2,5,5,6,6,6,5,6,6,1,1,2,3,1,3,2,2,7,1,7,7,7,7,7,5,4,5,pass
158,32,Female,Homosexual,No,NA,control,4,4,4,4,5,4,3,4,4,4,4,4,6,6,6,4,2,5,4,4,4,4,4,4,5,4,4,4,4,4,4,4,4,4,4,4,3,4,4,2,2,4,4,6,4,4,4,6,4,pass
455,21,Female,Heterosexual,No,NA,control,4,4,3,4,5,5,5,5,5,3,5,5,4,3,4,2,3,5,6,5,5,5,5,6,6,4,4,3,5,4,5,5,5,6,5,6,5,5,5,3,2,6,6,6,5,6,7,7,7,pass
328,37,Female,Heterosexual,No,NA,control,7,4,4,4,4,5,4,4,4,4,4,4,6,4,6,5,4,4,4,3,4,4,4,3,4,4,4,4,5,4,5,4,4,5,4,5,5,5,4,6,6,4,5,5,5,5,7,6,6,pass
374,35,Female,Heterosexual,Yes,1,control,2,2,3,4,3,2,6,4,5,4,5,5,5,3,4,3,2,2,2,3,2,2,1,2,2,4,4,6,6,4,4,5,5,4,4,4,5,6,6,5,4,7,7,7,6,7,7,7,6,pass
200,24,Female,Heterosexual,No,NA,control,4,3,4,4,4,4,3,4,4,3,3,3,4,4,4,2,4,4,4,4,2,4,3,3,4,6,4,6,5,4,3,6,5,6,5,4,6,5,6,5,2,5,4,5,3,5,7,7,6,pass
399,29,Female,Bisexual,Yes,1,control,5,3,4,5,5,4,5,4,5,4,5,5,6,5,5,5,5,5,3,3,5,4,4,5,5,5,5,5,5,5,5,5,5,5,6,6,6,6,6,5,6,5,5,5,5,5,7,7,6,pass
413,29,Female,Heterosexual,No,NA,control,5,2,5,3,5,4,5,4,5,4,5,5,2,4,3,3,2,3,5,5,4,5,2,4,4,5,6,6,5,5,4,2,4,5,6,6,6,6,6,4,2,6,6,6,6,6,7,6,7,pass
202,31,Female,Heterosexual,Yes,8,control,3,2,3,4,4,2,3,2,2,4,3,2,2,2,4,3,1,2,3,2,2,3,2,1,3,3,3,6,6,4,5,3,5,6,6,5,6,7,6,1,2,6,6,6,5,6,6,6,6,pass
824,63,Female,Heterosexual,Yes,0,control,6,5,5,5,7,6,4,4,3,4,5,5,4,3,4,3,3,3,3,3,5,3,3,5,3,6,6,7,6,6,6,6,5,6,6,6,6,6,6,5,3,3,2,6,3,3,6,6,7,pass
485,51,Female,Heterosexual,Yes,0,control,5,5,5,5,5,5,5,5,6,5,6,5,5,5,5,5,6,5,5,5,6,5,5,3,5,6,5,6,6,6,6,6,6,6,6,5,6,6,6,6,5,3,5,5,5,6,7,7,7,pass
201,23,Female,Prefer not to say,No,NA,control,6,6,5,6,6,6,5,5,6,5,6,5,4,4,4,3,3,4,4,5,6,3,5,3,4,4,5,6,5,5,6,6,6,5,5,5,5,5,5,4,2,3,3,4,2,3,6,6,6,pass
352,21,Female,Bisexual,No,NA,control,3,1,5,2,1,1,2,4,2,1,1,2,1,1,4,1,1,1,5,3,1,3,1,1,1,6,2,2,2,2,1,1,1,6,7,3,7,6,7,1,1,7,5,6,5,7,7,6,4,pass
655,28,Female,Heterosexual,No,NA,control,7,7,7,6,7,7,5,5,6,4,5,5,5,4,4,3,4,3,5,5,5,1,2,3,3,2,5,5,6,3,5,5,5,6,5,5,4,5,6,5,3,2,6,7,2,1,6,6,6,pass
433,23,Female,Heterosexual,Yes,2,control,6,3,4,5,3,4,5,3,4,5,4,4,6,5,5,3,3,4,3,5,4,3,3,2,3,3,4,7,6,6,5,5,4,5,7,4,6,7,6,5,3,4,5,5,3,5,6,6,6,pass
459,58,Female,Heterosexual,Yes,0,control,4,3,5,5,3,2,5,6,7,5,6,5,4,4,4,4,4,3,4,3,3,3,3,3,3,6,6,5,5,5,4,4,7,6,6,6,4,6,6,5,3,4,6,5,5,6,6,5,5,pass
608,24,Female,Bisexual,No,NA,control,7,5,4,4,5,2,5,1,4,4,5,5,2,3,5,4,3,2,3,4,4,2,3,2,5,2,6,5,5,6,5,4,6,6,6,4,6,5,4,3,5,6,5,6,6,5,6,6,5,pass
373,26,Female,Heterosexual,No,NA,control,6,3,6,6,6,3,5,4,5,5,5,3,7,5,5,6,5,4,4,4,3,3,3,1,3,6,6,6,6,6,4,5,7,6,7,5,6,7,6,4,3,3,4,5,3,3,7,7,6,pass
191,28,Female,Heterosexual,Yes,0,control,4,3,3,4,4,3,4,5,3,4,4,4,3,4,3,4,2,5,5,5,5,5,5,4,3,4,4,5,5,4,4,4,4,4,5,4,5,5,5,2,2,6,6,6,4,6,7,7,5,pass
259,40,Female,Heterosexual,Yes,0,control,4,4,4,4,4,4,4,3,4,4,4,4,4,4,4,4,4,4,5,4,4,4,5,4,4,4,3,4,4,4,4,4,4,4,4,4,5,4,4,4,4,4,4,4,4,5,6,6,6,pass
617,21,Female,Bisexual,No,NA,control,6,4,5,5,6,6,5,5,5,6,6,6,3,2,4,2,2,5,5,5,6,6,6,3,5,3,5,5,6,5,3,5,5,5,6,3,5,6,5,4,2,3,3,6,2,3,6,7,6,pass
473,39,Female,Heterosexual,Yes,0,control,4,3,4,4,4,3,4,4,5,4,4,5,3,5,4,4,4,5,5,4,5,5,3,4,4,5,5,6,6,4,6,5,5,6,6,6,6,6,6,4,3,6,6,6,6,6,1,1,2,pass
621,39,Female,Heterosexual,No,NA,control,4,2,3,6,4,2,6,2,6,4,5,3,3,3,4,3,2,2,3,3,2,2,2,2,1,5,5,6,6,5,6,4,3,6,6,6,6,6,5,6,6,3,6,6,5,6,7,6,4,pass
477,25,Female,Other,Yes,0,control,5,3,4,4,4,3,6,5,3,5,5,6,4,4,4,4,5,4,5,5,5,5,5,6,5,5,6,5,5,5,4,5,4,6,5,3,6,5,5,4,4,5,5,4,5,4,7,6,4,pass
276,42,Male,Bisexual,No,NA,bandage,4,4,4,4,4,4,4,4,4,4,5,5,5,5,5,5,5,4,4,4,5,4,5,4,4,5,5,5,5,5,5,4,4,4,5,4,4,5,4,4,4,4,4,4,4,4,4,4,4,fail
494,40,Male,Heterosexual,Yes,2,bandage,3,3,3,4,2,3,5,4,6,7,6,5,4,5,5,1,5,5,5,4,4,5,5,6,6,7,6,7,7,6,7,7,7,7,7,6,6,7,7,4,5,3,3,5,4,3,4,4,6,fail
338,56,Male,Heterosexual,No,NA,bandage,2,4,4,3,3,4,6,4,6,5,5,5,6,4,5,3,4,4,3,4,5,4,4,4,4,5,6,6,6,6,5,5,5,6,5,4,5,5,6,4,4,3,5,5,3,4,7,7,6,fail
277,30,Male,Heterosexual,No,NA,blood,5,5,4,2,5,5,4,4,4,3,5,3,5,5,5,5,4,4,5,5,5,4,3,4,3,6,6,6,6,5,5,5,5,6,7,5,7,6,6,2,1,6,6,6,6,6,7,7,7,fail
267,31,Male,Heterosexual,Yes,2,blood,4,4,4,4,4,5,4,4,4,4,4,4,7,4,7,4,7,2,1,1,2,3,2,4,5,5,5,5,5,5,3,4,4,5,4,4,4,6,4,2,7,7,6,7,5,5,7,6,3,fail
455,18,Male,Heterosexual,No,NA,blood,3,4,6,2,2,5,5,6,6,5,4,4,4,5,6,4,4,4,4,6,5,5,4,5,6,4,5,6,6,6,5,3,4,5,6,5,4,4,6,5,5,6,3,5,5,5,5,6,5,fail
236,40,Male,Heterosexual,No,NA,blood,1,1,1,1,1,1,5,5,5,5,5,5,5,3,4,3,4,4,5,5,5,4,5,4,4,5,5,5,5,5,4,5,5,5,5,5,5,5,6,4,4,4,5,4,4,4,6,6,5,fail
161,20,Male,Heterosexual,No,NA,blood,4,4,4,4,4,4,5,5,5,5,5,5,4,5,4,4,4,5,5,5,4,5,5,3,3,4,6,6,6,4,6,5,5,4,5,5,4,3,5,1,1,4,4,4,4,6,5,3,4,fail
140,41,Male,Heterosexual,No,NA,control,2,3,2,3,3,3,3,3,3,2,3,3,1,1,1,1,1,2,3,2,3,3,2,4,3,2,3,3,3,5,3,2,3,3,3,4,3,3,3,5,5,2,4,3,3,3,5,5,3,fail
259,50,Male,Heterosexual,No,NA,control,4,4,4,4,4,4,4,4,4,4,4,4,4,4,4,4,4,4,4,4,4,4,4,4,4,4,4,4,4,4,4,4,4,4,4,4,4,4,4,4,4,4,4,4,4,4,4,4,4,fail
272,19,Male,Heterosexual,No,NA,control,4,3,4,5,5,5,6,4,5,5,5,6,6,2,5,4,4,5,5,5,6,3,7,4,4,6,6,6,6,6,6,6,6,6,5,6,6,5,5,6,6,3,5,5,3,2,7,6,6,fail
151,19,Male,Heterosexual,Yes,2,control,4,4,4,4,4,4,4,4,4,4,4,4,4,3,4,2,1,4,4,4,4,4,4,4,4,4,4,4,4,4,4,4,4,4,4,4,4,4,4,1,1,4,4,4,4,4,6,6,6,fail
193,18,Male,Heterosexual,No,NA,control,4,4,4,4,4,4,4,5,4,4,5,4,5,3,5,3,3,5,5,3,5,2,5,4,5,5,5,5,5,5,5,5,5,5,5,5,5,5,5,1,3,5,5,4,4,4,7,6,5,fail
219,42,Male,Heterosexual,Yes,0,control,5,3,5,6,3,4,4,4,4,4,4,4,4,3,3,3,3,4,4,3,4,1,4,4,4,4,6,4,6,4,5,4,4,4,4,4,4,4,4,1,1,6,5,4,5,4,5,5,5,fail
418,23,Female,Other,No,NA,bandage,6,6,5,6,7,6,5,4,6,2,6,6,4,5,5,3,4,4,4,2,6,2,5,3,5,5,6,6,6,5,6,5,4,4,5,5,5,5,6,4,4,3,6,6,4,3,6,6,6,fail
448,55,Female,Heterosexual,Yes,0,blood,4,4,4,4,4,4,4,4,4,4,4,4,3,3,4,4,4,3,4,2,3,2,3,3,3,5,4,4,3,4,4,4,4,5,5,5,3,5,4,1,1,6,6,4,5,4,6,6,6,fail
333,44,Female,Heterosexual,Yes,4,blood,6,5,5,7,7,6,3,5,6,6,3,5,5,3,5,3,4,5,2,5,6,6,2,6,5,6,7,6,5,6,5,6,7,6,6,7,6,6,7,6,7,4,6,6,5,6,6,3,2,fail
